,round,date,first,second,third,fourth,fifth,sixth,bonus,win
0,716,2016.08.20,2,6,13,16,29,30,21,1
0,716,2016.08.20,13,39,21,26,10,22,17,0
1,715,2016.08.13,2,7,27,33,41,44,10,1
1,715,2016.08.13,22,3,6,38,17,30,33,0
2,714,2016.08.06,1,7,22,33,37,40,20,1
2,714,2016.08.06,23,21,34,27,33,13,28,0
3,713,2016.07.30,2,5,15,18,19,23,44,1
3,713,2016.07.30,32,30,43,36,37,17,27,0
4,712,2016.07.23,17,20,30,31,33,45,19,1
4,712,2016.07.23,42,27,40,8,10,15,3,0
5,711,2016.07.16,11,15,24,35,37,45,42,1
5,711,2016.07.16,42,24,30,6,11,36,33,0
6,710,2016.07.09,3,4,9,24,25,33,10,1
6,710,2016.07.09,43,16,45,23,22,4,8,0
7,709,2016.07.02,10,18,30,36,39,44,32,1
7,709,2016.07.02,4,15,8,25,12,3,40,0
8,708,2016.06.25,2,10,16,19,34,45,1,1
8,708,2016.06.25,10,5,29,14,2,44,37,0
9,707,2016.06.18,2,12,19,24,39,44,35,1
9,707,2016.06.18,1,8,35,16,14,45,23,0
10,706,2016.06.11,3,4,6,10,28,30,37,1
10,706,2016.06.11,36,14,17,18,28,16,30,0
11,705,2016.06.04,1,6,17,22,28,45,23,1
11,705,2016.06.04,14,18,3,34,17,2,31,0
12,704,2016.05.28,1,4,8,23,33,42,45,1
12,704,2016.05.28,31,39,22,1,44,3,7,0
13,703,2016.05.21,10,28,31,33,41,44,21,1
13,703,2016.05.21,7,12,31,2,18,22,34,0
14,702,2016.05.14,3,13,16,24,26,29,9,1
14,702,2016.05.14,22,12,45,30,17,20,18,0
15,701,2016.05.07,3,10,14,16,36,38,35,1
15,701,2016.05.07,12,36,41,34,44,11,29,0
16,700,2016.04.30,11,23,28,29,30,44,13,1
16,700,2016.04.30,43,23,45,25,13,27,33,0
17,699,2016.04.23,4,5,8,16,21,29,3,1
17,699,2016.04.23,24,27,33,15,14,40,34,0
18,698,2016.04.16,3,11,13,21,33,37,18,1
18,698,2016.04.16,41,26,23,25,10,8,18,0
19,697,2016.04.09,2,5,8,11,33,39,31,1
19,697,2016.04.09,44,39,14,6,16,9,18,0
20,696,2016.04.02,1,7,16,18,34,38,21,1
20,696,2016.04.02,26,9,2,17,32,16,44,0
21,695,2016.03.26,4,18,26,33,34,38,14,1
21,695,2016.03.26,19,13,29,15,33,7,10,0
22,694,2016.03.19,7,15,20,25,33,43,12,1
22,694,2016.03.19,45,41,33,3,19,37,40,0
23,693,2016.03.12,1,6,11,28,34,42,30,1
23,693,2016.03.12,20,38,11,15,7,12,8,0
24,692,2016.03.05,3,11,14,15,32,36,44,1
24,692,2016.03.05,17,32,21,22,35,25,26,0
25,691,2016.02.27,15,27,33,35,43,45,16,1
25,691,2016.02.27,42,15,30,40,25,8,18,0
26,690,2016.02.20,24,25,33,34,38,39,43,1
26,690,2016.02.20,22,3,42,11,2,21,40,0
27,689,2016.02.13,7,17,19,30,36,38,34,1
27,689,2016.02.13,26,39,14,31,38,6,15,0
28,688,2016.02.06,5,15,22,23,34,35,2,1
28,688,2016.02.06,3,33,31,36,5,13,44,0
29,687,2016.01.30,1,8,10,13,28,42,45,1
29,687,2016.01.30,29,11,18,23,37,34,35,0
30,686,2016.01.23,7,12,15,24,25,43,13,1
30,686,2016.01.23,23,37,22,4,28,9,8,0
31,685,2016.01.16,6,7,12,28,38,40,18,1
31,685,2016.01.16,12,2,31,34,19,22,4,0
32,684,2016.01.09,1,11,15,17,25,39,40,1
32,684,2016.01.09,28,19,16,35,31,9,17,0
33,683,2016.01.02,6,13,20,27,28,40,15,1
33,683,2016.01.02,41,4,36,13,45,38,14,0
34,682,2015.12.26,17,23,27,35,38,43,2,1
34,682,2015.12.26,14,32,29,15,7,41,9,0
35,681,2015.12.19,21,24,27,29,43,44,7,1
35,681,2015.12.19,38,36,9,26,22,35,42,0
36,680,2015.12.12,4,10,19,29,32,42,30,1
36,680,2015.12.12,27,29,22,5,14,10,30,0
37,679,2015.12.05,3,5,7,14,26,34,35,1
37,679,2015.12.05,7,37,32,42,4,41,27,0
38,678,2015.11.28,4,5,6,12,25,37,45,1
38,678,2015.11.28,7,41,33,34,22,40,43,0
39,677,2015.11.21,12,15,24,36,41,44,42,1
39,677,2015.11.21,45,37,33,10,11,7,14,0
40,676,2015.11.14,1,8,17,34,39,45,27,1
40,676,2015.11.14,37,32,29,31,1,8,45,0
41,675,2015.11.07,1,8,11,15,18,45,7,1
41,675,2015.11.07,32,4,10,15,1,44,18,0
42,674,2015.10.31,9,10,14,25,27,31,11,1
42,674,2015.10.31,33,1,43,39,35,18,2,0
43,673,2015.10.24,7,10,17,29,33,44,5,1
43,673,2015.10.24,12,26,11,10,21,38,27,0
44,672,2015.10.17,8,21,28,31,36,45,43,1
44,672,2015.10.17,35,27,31,33,20,1,40,0
45,671,2015.10.10,7,9,10,13,31,35,24,1
45,671,2015.10.10,24,43,21,31,6,15,42,0
46,670,2015.10.03,11,18,26,27,40,41,25,1
46,670,2015.10.03,21,41,40,29,26,18,19,0
47,669,2015.09.26,7,8,20,29,33,38,9,1
47,669,2015.09.26,22,1,20,8,33,14,34,0
48,668,2015.09.19,12,14,15,24,27,32,3,1
48,668,2015.09.19,45,8,7,18,5,17,44,0
49,667,2015.09.12,15,17,25,37,42,43,13,1
49,667,2015.09.12,22,37,13,3,33,23,12,0
50,666,2015.09.05,2,4,6,11,17,28,16,1
50,666,2015.09.05,15,28,17,13,20,36,1,0
51,665,2015.08.29,5,6,11,17,38,44,13,1
51,665,2015.08.29,41,22,10,30,27,15,44,0
52,664,2015.08.22,10,20,33,36,41,44,5,1
52,664,2015.08.22,32,31,39,28,23,41,15,0
53,663,2015.08.15,3,5,8,19,38,42,20,1
53,663,2015.08.15,7,25,33,15,38,18,32,0
54,662,2015.08.08,5,6,9,11,15,37,26,1
54,662,2015.08.08,12,41,9,20,36,43,23,0
55,661,2015.08.01,2,3,12,20,27,38,40,1
55,661,2015.08.01,44,15,31,22,33,10,13,0
56,660,2015.07.25,4,9,23,33,39,44,14,1
56,660,2015.07.25,41,26,23,38,8,24,1,0
57,659,2015.07.18,7,18,19,27,29,42,45,1
57,659,2015.07.18,38,37,27,25,13,41,21,0
58,658,2015.07.11,8,19,25,28,32,36,37,1
58,658,2015.07.11,16,33,37,10,2,12,27,0
59,657,2015.07.04,10,14,19,39,40,43,23,1
59,657,2015.07.04,42,24,9,44,4,2,45,0
60,656,2015.06.27,3,7,14,16,31,40,39,1
60,656,2015.06.27,7,41,30,1,31,8,5,0
61,655,2015.06.20,7,37,38,39,40,44,18,1
61,655,2015.06.20,30,27,31,25,24,34,45,0
62,654,2015.06.13,16,21,26,31,36,43,6,1
62,654,2015.06.13,35,39,13,6,2,33,4,0
63,653,2015.06.06,5,6,26,27,38,39,1,1
63,653,2015.06.06,3,27,41,19,31,38,25,0
64,652,2015.05.30,3,13,15,40,41,44,20,1
64,652,2015.05.30,37,41,16,43,4,33,35,0
65,651,2015.05.23,11,12,16,26,29,44,18,1
65,651,2015.05.23,33,25,2,3,27,26,29,0
66,650,2015.05.16,3,4,7,11,31,41,35,1
66,650,2015.05.16,10,15,38,6,31,3,29,0
67,649,2015.05.09,3,21,22,33,41,42,20,1
67,649,2015.05.09,42,38,45,20,1,31,15,0
68,648,2015.05.02,13,19,28,37,38,43,4,1
68,648,2015.05.02,18,19,38,34,15,24,36,0
69,647,2015.04.25,5,16,21,23,24,30,29,1
69,647,2015.04.25,32,1,41,18,38,37,43,0
70,646,2015.04.18,2,9,24,41,43,45,30,1
70,646,2015.04.18,21,38,27,30,39,18,14,0
71,645,2015.04.11,1,4,16,26,40,41,31,1
71,645,2015.04.11,12,40,17,43,33,34,15,0
72,644,2015.04.04,5,13,17,23,28,36,8,1
72,644,2015.04.04,39,14,32,37,22,2,44,0
73,643,2015.03.28,15,24,31,32,33,40,13,1
73,643,2015.03.28,37,24,1,36,38,23,19,0
74,642,2015.03.21,8,17,18,24,39,45,32,1
74,642,2015.03.21,28,25,13,38,31,30,26,0
75,641,2015.03.14,11,18,21,36,37,43,12,1
75,641,2015.03.14,8,32,36,11,2,34,21,0
76,640,2015.03.07,14,15,18,21,26,35,23,1
76,640,2015.03.07,11,34,23,42,41,36,17,0
77,639,2015.02.28,6,15,22,23,25,32,40,1
77,639,2015.02.28,30,38,31,14,19,29,9,0
78,638,2015.02.21,7,18,22,24,31,34,6,1
78,638,2015.02.21,35,10,29,25,40,41,3,0
79,637,2015.02.14,3,16,22,37,38,44,23,1
79,637,2015.02.14,8,1,28,13,34,40,20,0
80,636,2015.02.07,6,7,15,16,20,31,26,1
80,636,2015.02.07,29,19,20,28,17,1,3,0
81,635,2015.01.31,11,13,25,26,29,33,32,1
81,635,2015.01.31,45,10,39,24,8,15,38,0
82,634,2015.01.24,4,10,11,12,20,27,38,1
82,634,2015.01.24,37,20,4,30,5,34,24,0
83,633,2015.01.17,9,12,19,20,39,41,13,1
83,633,2015.01.17,39,33,2,12,26,45,30,0
84,632,2015.01.10,15,18,21,32,35,44,6,1
84,632,2015.01.10,25,43,42,32,9,22,6,0
85,631,2015.01.03,1,2,4,23,31,34,8,1
85,631,2015.01.03,16,14,38,17,18,12,32,0
86,630,2014.12.27,8,17,21,24,27,31,15,1
86,630,2014.12.27,1,2,20,32,29,4,39,0
87,629,2014.12.20,19,28,31,38,43,44,1,1
87,629,2014.12.20,37,25,32,14,20,11,5,0
88,628,2014.12.13,1,7,12,15,23,42,11,1
88,628,2014.12.13,14,2,3,4,1,9,30,0
89,627,2014.12.06,2,9,22,25,31,45,12,1
89,627,2014.12.06,44,21,35,12,19,11,24,0
90,626,2014.11.29,13,14,26,33,40,43,15,1
90,626,2014.11.29,29,2,41,26,37,42,20,0
91,625,2014.11.22,3,6,7,20,21,39,13,1
91,625,2014.11.22,4,43,30,16,7,20,18,0
92,624,2014.11.15,1,7,19,26,27,35,16,1
92,624,2014.11.15,5,16,39,25,32,18,33,0
93,623,2014.11.08,7,13,30,39,41,45,25,1
93,623,2014.11.08,13,28,27,11,43,41,20,0
94,622,2014.11.01,9,15,16,21,28,34,24,1
94,622,2014.11.01,18,20,33,19,22,9,15,0
95,621,2014.10.25,1,2,6,16,19,42,9,1
95,621,2014.10.25,6,34,1,19,33,35,23,0
96,620,2014.10.18,2,16,17,32,39,45,40,1
96,620,2014.10.18,22,4,7,28,38,6,44,0
97,619,2014.10.11,6,8,13,30,35,40,21,1
97,619,2014.10.11,44,32,27,4,18,10,31,0
98,618,2014.10.04,8,16,25,30,42,43,15,1
98,618,2014.10.04,33,41,26,12,27,13,11,0
99,617,2014.09.27,4,5,11,12,24,27,28,1
99,617,2014.09.27,6,15,22,31,32,5,4,0
100,616,2014.09.20,5,13,18,23,40,45,3,1
100,616,2014.09.20,26,16,29,5,37,1,38,0
101,615,2014.09.13,10,17,18,19,23,27,35,1
101,615,2014.09.13,3,45,30,15,13,29,19,0
102,614,2014.09.06,8,21,25,39,40,44,18,1
102,614,2014.09.06,13,29,9,16,27,25,41,0
103,613,2014.08.30,7,8,11,16,41,44,35,1
103,613,2014.08.30,30,16,9,44,4,42,33,0
104,612,2014.08.23,6,9,18,19,25,33,40,1
104,612,2014.08.23,6,27,34,28,39,20,14,0
105,611,2014.08.16,2,22,27,33,36,37,14,1
105,611,2014.08.16,18,3,31,8,25,14,36,0
106,610,2014.08.09,14,18,20,23,28,36,33,1
106,610,2014.08.09,22,23,39,27,44,19,17,0
107,609,2014.08.02,4,8,27,34,39,40,13,1
107,609,2014.08.02,32,39,38,20,14,29,11,0
108,608,2014.07.26,4,8,18,19,39,44,41,1
108,608,2014.07.26,38,31,2,7,37,35,28,0
109,607,2014.07.19,8,14,23,36,38,39,13,1
109,607,2014.07.19,38,1,35,8,45,34,28,0
110,606,2014.07.12,1,5,6,14,20,39,22,1
110,606,2014.07.12,12,18,13,31,38,24,4,0
111,605,2014.07.05,1,2,7,9,10,38,42,1
111,605,2014.07.05,39,15,44,13,7,37,17,0
112,604,2014.06.28,2,6,18,21,33,34,30,1
112,604,2014.06.28,6,34,37,5,43,10,17,0
113,603,2014.06.21,2,19,25,26,27,43,28,1
113,603,2014.06.21,29,39,31,23,20,35,42,0
114,602,2014.06.14,13,14,22,27,30,38,2,1
114,602,2014.06.14,38,41,27,12,19,39,44,0
115,601,2014.06.07,2,16,19,31,34,35,37,1
115,601,2014.06.07,14,4,25,33,12,44,15,0
116,600,2014.05.31,5,11,14,27,29,36,44,1
116,600,2014.05.31,38,33,3,34,8,35,18,0
117,599,2014.05.24,5,12,17,29,34,35,27,1
117,599,2014.05.24,2,23,42,18,39,6,21,0
118,598,2014.05.17,4,12,24,33,38,45,22,1
118,598,2014.05.17,28,25,11,7,39,37,16,0
119,597,2014.05.10,8,10,23,24,35,43,37,1
119,597,2014.05.10,25,45,18,31,24,1,3,0
120,596,2014.05.03,3,4,12,14,25,43,17,1
120,596,2014.05.03,6,37,44,21,25,3,5,0
121,595,2014.04.26,8,24,28,35,38,40,5,1
121,595,2014.04.26,13,5,21,10,44,22,4,0
122,594,2014.04.19,2,8,13,25,28,37,3,1
122,594,2014.04.19,45,9,32,28,35,3,22,0
123,593,2014.04.12,9,10,13,24,33,38,28,1
123,593,2014.04.12,40,34,45,8,2,25,9,0
124,592,2014.04.05,2,5,6,13,28,44,43,1
124,592,2014.04.05,2,22,23,27,40,39,10,0
125,591,2014.03.29,8,13,14,30,38,39,5,1
125,591,2014.03.29,24,3,9,36,32,5,39,0
126,590,2014.03.22,20,30,36,38,41,45,23,1
126,590,2014.03.22,2,24,11,45,33,31,18,0
127,589,2014.03.15,6,8,28,33,38,39,22,1
127,589,2014.03.15,31,24,38,19,30,45,21,0
128,588,2014.03.08,2,8,15,22,25,41,30,1
128,588,2014.03.08,15,19,3,12,20,8,44,0
129,587,2014.03.01,14,21,29,31,32,37,17,1
129,587,2014.03.01,25,1,34,16,9,42,32,0
130,586,2014.02.22,2,7,12,15,21,34,5,1
130,586,2014.02.22,37,25,38,33,29,17,18,0
131,585,2014.02.15,6,7,10,16,38,41,4,1
131,585,2014.02.15,16,39,13,42,4,22,26,0
132,584,2014.02.08,7,18,30,39,40,41,36,1
132,584,2014.02.08,13,40,8,38,30,33,19,0
133,583,2014.02.01,8,17,27,33,40,44,24,1
133,583,2014.02.01,33,21,13,25,31,38,4,0
134,582,2014.01.25,2,12,14,33,40,41,25,1
134,582,2014.01.25,18,43,15,7,40,33,32,0
135,581,2014.01.18,3,5,14,20,42,44,33,1
135,581,2014.01.18,32,36,17,20,41,22,25,0
136,580,2014.01.11,5,7,9,11,32,35,33,1
136,580,2014.01.11,27,29,18,26,33,32,38,0
137,579,2014.01.04,5,7,20,22,37,42,39,1
137,579,2014.01.04,5,42,11,33,9,8,25,0
138,578,2013.12.28,5,12,14,32,34,42,16,1
138,578,2013.12.28,18,11,27,13,41,22,38,0
139,577,2013.12.21,16,17,22,31,34,37,33,1
139,577,2013.12.21,24,10,25,31,29,18,3,0
140,576,2013.12.14,10,11,15,25,35,41,13,1
140,576,2013.12.14,26,8,4,33,15,17,28,0
141,575,2013.12.07,2,8,20,30,33,34,6,1
141,575,2013.12.07,34,21,7,37,19,33,2,0
142,574,2013.11.30,14,15,16,19,25,43,2,1
142,574,2013.11.30,15,39,8,11,36,34,16,0
143,573,2013.11.23,2,4,20,34,35,43,14,1
143,573,2013.11.23,6,36,39,16,35,24,37,0
144,572,2013.11.16,3,13,18,33,37,45,1,1
144,572,2013.11.16,27,20,42,16,3,29,1,0
145,571,2013.11.09,11,18,21,26,38,43,29,1
145,571,2013.11.09,4,13,11,8,16,23,19,0
146,570,2013.11.02,1,12,26,27,29,33,42,1
146,570,2013.11.02,18,5,17,2,27,15,43,0
147,569,2013.10.26,3,6,13,23,24,35,1,1
147,569,2013.10.26,31,44,6,27,15,13,10,0
148,568,2013.10.19,1,3,17,20,31,44,40,1
148,568,2013.10.19,1,8,3,38,24,7,44,0
149,567,2013.10.12,1,10,15,16,32,41,28,1
149,567,2013.10.12,6,5,15,27,41,45,25,0
150,566,2013.10.05,4,5,6,25,26,43,41,1
150,566,2013.10.05,45,21,32,3,15,22,19,0
151,565,2013.09.28,4,10,18,27,40,45,38,1
151,565,2013.09.28,27,9,20,38,32,25,30,0
152,564,2013.09.21,14,19,25,26,27,34,2,1
152,564,2013.09.21,28,20,40,21,2,15,7,0
153,563,2013.09.14,5,10,16,17,31,32,21,1
153,563,2013.09.14,5,19,30,2,10,42,37,0
154,562,2013.09.07,4,11,13,17,20,31,33,1
154,562,2013.09.07,21,28,17,2,6,27,25,0
155,561,2013.08.31,5,7,18,37,42,45,20,1
155,561,2013.08.31,5,28,44,40,21,43,25,0
156,560,2013.08.24,1,4,20,23,29,45,28,1
156,560,2013.08.24,24,2,33,18,27,28,4,0
157,559,2013.08.17,11,12,25,32,44,45,23,1
157,559,2013.08.17,8,45,35,2,14,25,27,0
158,558,2013.08.10,12,15,19,26,40,43,29,1
158,558,2013.08.10,10,31,45,38,11,32,36,0
159,557,2013.08.03,4,20,26,28,35,40,31,1
159,557,2013.08.03,9,8,6,33,26,4,43,0
160,556,2013.07.27,12,20,23,28,30,44,43,1
160,556,2013.07.27,44,6,18,45,12,17,32,0
161,555,2013.07.20,11,17,21,24,26,36,12,1
161,555,2013.07.20,38,6,20,3,7,13,37,0
162,554,2013.07.13,13,14,17,32,41,42,6,1
162,554,2013.07.13,18,25,28,4,44,40,10,0
163,553,2013.07.06,2,7,17,28,29,39,37,1
163,553,2013.07.06,16,45,7,40,31,11,23,0
164,552,2013.06.29,1,10,20,32,35,40,43,1
164,552,2013.06.29,15,3,31,20,9,39,29,0
165,551,2013.06.22,3,6,20,24,27,44,25,1
165,551,2013.06.22,4,23,14,3,41,43,24,0
166,550,2013.06.15,1,7,14,20,34,37,41,1
166,550,2013.06.15,16,2,29,38,15,44,40,0
167,549,2013.06.08,29,31,35,38,40,44,17,1
167,549,2013.06.08,29,32,12,43,14,20,19,0
168,548,2013.06.01,1,12,13,21,32,45,14,1
168,548,2013.06.01,24,8,40,36,16,35,29,0
169,547,2013.05.25,6,7,15,22,34,39,28,1
169,547,2013.05.25,35,9,43,1,7,33,15,0
170,546,2013.05.18,8,17,20,27,37,43,6,1
170,546,2013.05.18,31,18,13,40,30,28,34,0
171,545,2013.05.11,4,24,25,27,34,35,2,1
171,545,2013.05.11,45,13,27,38,17,11,39,0
172,544,2013.05.04,5,17,21,25,36,44,10,1
172,544,2013.05.04,26,23,29,32,35,36,2,0
173,543,2013.04.27,13,18,26,31,34,44,12,1
173,543,2013.04.27,26,43,8,40,14,41,5,0
174,542,2013.04.20,5,6,19,26,41,45,34,1
174,542,2013.04.20,25,36,21,23,20,43,1,0
175,541,2013.04.13,8,13,26,28,32,34,43,1
175,541,2013.04.13,31,20,41,9,36,24,10,0
176,540,2013.04.06,3,12,13,15,34,36,14,1
176,540,2013.04.06,20,19,10,32,39,5,45,0
177,539,2013.03.30,3,19,22,31,42,43,26,1
177,539,2013.03.30,38,10,21,40,6,16,2,0
178,538,2013.03.23,6,10,18,31,32,34,11,1
178,538,2013.03.23,3,5,25,26,32,40,11,0
179,537,2013.03.16,12,23,26,30,36,43,11,1
179,537,2013.03.16,26,31,8,41,42,3,22,0
180,536,2013.03.09,7,8,18,32,37,43,12,1
180,536,2013.03.09,30,28,7,21,6,34,14,0
181,535,2013.03.02,11,12,14,15,18,39,34,1
181,535,2013.03.02,44,16,12,7,14,32,30,0
182,534,2013.02.23,10,24,26,29,37,38,32,1
182,534,2013.02.23,42,7,9,37,33,39,18,0
183,533,2013.02.16,9,14,15,17,31,33,23,1
183,533,2013.02.16,8,40,43,17,42,11,26,0
184,532,2013.02.09,16,17,23,24,29,44,3,1
184,532,2013.02.09,36,6,27,5,22,12,30,0
185,531,2013.02.02,1,5,9,21,27,35,45,1
185,531,2013.02.02,41,34,28,1,12,32,16,0
186,530,2013.01.26,16,23,27,29,33,41,22,1
186,530,2013.01.26,30,18,13,37,17,1,32,0
187,529,2013.01.19,18,20,24,27,31,42,39,1
187,529,2013.01.19,26,39,16,12,41,17,31,0
188,528,2013.01.12,5,17,25,31,39,40,10,1
188,528,2013.01.12,44,12,5,14,13,25,20,0
189,527,2013.01.05,1,12,22,32,33,42,38,1
189,527,2013.01.05,2,20,35,34,23,24,40,0
190,526,2012.12.29,7,14,17,20,35,39,31,1
190,526,2012.12.29,6,21,44,2,14,26,29,0
191,525,2012.12.22,11,23,26,29,39,44,22,1
191,525,2012.12.22,26,30,40,16,4,38,25,0
192,524,2012.12.15,10,11,29,38,41,45,21,1
192,524,2012.12.15,42,41,27,28,39,24,22,0
193,523,2012.12.08,1,4,37,38,40,45,7,1
193,523,2012.12.08,3,26,42,7,15,8,33,0
194,522,2012.12.01,4,5,13,14,37,41,11,1
194,522,2012.12.01,26,7,11,30,9,32,41,0
195,521,2012.11.24,3,7,18,29,32,36,19,1
195,521,2012.11.24,14,21,11,45,43,17,22,0
196,520,2012.11.17,4,22,27,28,38,40,1,1
196,520,2012.11.17,33,18,26,22,20,2,9,0
197,519,2012.11.10,6,8,13,16,30,43,3,1
197,519,2012.11.10,2,35,14,33,45,34,29,0
198,518,2012.11.03,14,23,30,32,34,38,6,1
198,518,2012.11.03,42,21,11,5,3,2,32,0
199,517,2012.10.27,1,9,12,28,36,41,10,1
199,517,2012.10.27,33,45,14,23,2,6,36,0
200,516,2012.10.20,2,8,23,41,43,44,30,1
200,516,2012.10.20,36,14,2,38,31,42,16,0
201,515,2012.10.13,2,11,12,15,23,37,8,1
201,515,2012.10.13,37,13,21,22,30,4,41,0
202,514,2012.10.06,1,15,20,26,35,42,9,1
202,514,2012.10.06,30,41,3,13,2,9,42,0
203,513,2012.09.29,5,8,21,23,27,33,12,1
203,513,2012.09.29,7,29,22,34,24,10,14,0
204,512,2012.09.22,4,5,9,13,26,27,1,1
204,512,2012.09.22,3,23,1,34,38,26,31,0
205,511,2012.09.15,3,7,14,23,26,42,24,1
205,511,2012.09.15,42,13,17,6,11,27,10,0
206,510,2012.09.08,12,29,32,33,39,40,42,1
206,510,2012.09.08,8,16,42,18,21,28,25,0
207,509,2012.09.01,12,25,29,35,42,43,24,1
207,509,2012.09.01,32,22,25,6,38,9,8,0
208,508,2012.08.25,5,27,31,34,35,43,37,1
208,508,2012.08.25,23,11,7,33,1,18,20,0
209,507,2012.08.18,12,13,32,33,40,41,4,1
209,507,2012.08.18,30,21,34,22,3,38,19,0
210,506,2012.08.11,6,9,11,22,24,30,31,1
210,506,2012.08.11,35,44,19,34,13,33,39,0
211,505,2012.08.04,7,20,22,25,38,40,44,1
211,505,2012.08.04,3,41,34,14,35,45,37,0
212,504,2012.07.28,6,14,22,26,43,44,31,1
212,504,2012.07.28,29,34,35,8,9,3,4,0
213,503,2012.07.21,1,5,27,30,34,36,40,1
213,503,2012.07.21,40,2,16,3,20,14,19,0
214,502,2012.07.14,6,22,28,32,34,40,26,1
214,502,2012.07.14,36,43,34,13,27,30,5,0
215,501,2012.07.07,1,4,10,17,31,42,2,1
215,501,2012.07.07,18,45,27,7,33,21,25,0
216,500,2012.06.30,3,4,12,20,24,34,41,1
216,500,2012.06.30,30,19,12,17,41,7,25,0
217,499,2012.06.23,5,20,23,27,35,40,43,1
217,499,2012.06.23,24,16,23,26,21,13,42,0
218,498,2012.06.16,13,14,24,32,39,41,3,1
218,498,2012.06.16,29,22,1,41,43,30,35,0
219,497,2012.06.09,19,20,23,24,43,44,13,1
219,497,2012.06.09,3,27,12,20,4,32,19,0
220,496,2012.06.02,4,13,20,29,36,41,39,1
220,496,2012.06.02,27,33,44,18,19,35,1,0
221,495,2012.05.26,4,13,22,27,34,44,6,1
221,495,2012.05.26,31,1,13,28,12,15,8,0
222,494,2012.05.19,5,7,8,15,30,43,22,1
222,494,2012.05.19,37,35,9,2,23,6,12,0
223,493,2012.05.12,20,22,26,33,36,37,25,1
223,493,2012.05.12,45,8,33,40,25,13,43,0
224,492,2012.05.05,22,27,31,35,37,40,42,1
224,492,2012.05.05,33,9,4,28,38,6,35,0
225,491,2012.04.28,8,17,35,36,39,42,4,1
225,491,2012.04.28,44,11,31,29,33,39,5,0
226,490,2012.04.21,2,7,26,29,40,43,42,1
226,490,2012.04.21,41,34,5,19,25,33,24,0
227,489,2012.04.14,2,4,8,15,20,27,11,1
227,489,2012.04.14,10,41,37,18,36,45,43,0
228,488,2012.04.07,2,8,17,30,31,38,25,1
228,488,2012.04.07,38,43,30,9,16,12,29,0
229,487,2012.03.31,4,8,25,27,37,41,21,1
229,487,2012.03.31,41,45,20,43,42,19,1,0
230,486,2012.03.24,1,2,23,25,38,40,43,1
230,486,2012.03.24,44,36,9,22,34,42,11,0
231,485,2012.03.17,17,22,26,27,36,39,20,1
231,485,2012.03.17,15,4,32,13,12,3,5,0
232,484,2012.03.10,1,3,27,28,32,45,11,1
232,484,2012.03.10,32,43,31,21,37,15,27,0
233,483,2012.03.03,12,15,19,22,28,34,5,1
233,483,2012.03.03,23,10,25,5,36,45,1,0
234,482,2012.02.25,1,10,16,24,25,35,43,1
234,482,2012.02.25,20,7,17,22,45,15,44,0
235,481,2012.02.18,3,4,23,29,40,41,20,1
235,481,2012.02.18,2,35,28,17,41,21,31,0
236,480,2012.02.11,3,5,10,17,30,31,16,1
236,480,2012.02.11,37,23,10,36,9,12,38,0
237,479,2012.02.04,8,23,25,27,35,44,24,1
237,479,2012.02.04,2,16,9,11,23,1,3,0
238,478,2012.01.28,18,29,30,37,39,43,8,1
238,478,2012.01.28,42,45,21,25,6,37,33,0
239,477,2012.01.21,14,25,29,32,33,45,37,1
239,477,2012.01.21,17,1,3,16,22,8,37,0
240,476,2012.01.14,9,12,13,15,37,38,27,1
240,476,2012.01.14,17,16,12,19,22,5,20,0
241,475,2012.01.07,1,9,14,16,21,29,3,1
241,475,2012.01.07,36,44,34,20,16,13,45,0
242,474,2011.12.31,4,13,18,31,33,45,43,1
242,474,2011.12.31,6,3,43,18,25,44,5,0
243,473,2011.12.24,8,13,20,22,23,36,34,1
243,473,2011.12.24,27,20,26,36,16,43,4,0
244,472,2011.12.17,16,25,26,31,36,43,44,1
244,472,2011.12.17,9,25,44,35,14,42,18,0
245,471,2011.12.10,6,13,29,37,39,41,43,1
245,471,2011.12.10,3,36,38,21,9,44,4,0
246,470,2011.12.03,10,16,20,39,41,42,27,1
246,470,2011.12.03,33,19,2,15,8,17,35,0
247,469,2011.11.26,4,21,22,34,37,38,33,1
247,469,2011.11.26,44,39,34,5,33,16,18,0
248,468,2011.11.19,8,13,15,28,37,43,17,1
248,468,2011.11.19,4,40,43,34,7,42,6,0
249,467,2011.11.12,2,12,14,17,24,40,39,1
249,467,2011.11.12,14,3,15,33,22,36,29,0
250,466,2011.11.05,4,10,13,23,32,44,20,1
250,466,2011.11.05,25,35,17,4,8,27,42,0
251,465,2011.10.29,1,8,11,13,22,38,31,1
251,465,2011.10.29,10,12,3,14,38,26,45,0
252,464,2011.10.22,6,12,15,34,42,44,4,1
252,464,2011.10.22,44,15,13,40,37,45,34,0
253,463,2011.10.15,23,29,31,33,34,44,40,1
253,463,2011.10.15,40,30,5,18,20,25,28,0
254,462,2011.10.08,3,20,24,32,37,45,4,1
254,462,2011.10.08,28,9,6,20,32,21,8,0
255,461,2011.10.01,11,18,26,31,37,40,43,1
255,461,2011.10.01,43,3,26,22,23,17,28,0
256,460,2011.09.24,8,11,28,30,43,45,41,1
256,460,2011.09.24,4,24,12,31,28,15,25,0
257,459,2011.09.17,4,6,10,14,25,40,12,1
257,459,2011.09.17,13,8,24,35,36,5,25,0
258,458,2011.09.10,4,9,10,32,36,40,18,1
258,458,2011.09.10,37,36,6,45,24,34,2,0
259,457,2011.09.03,8,10,18,23,27,40,33,1
259,457,2011.09.03,11,34,24,27,8,15,5,0
260,456,2011.08.27,1,7,12,18,23,27,44,1
260,456,2011.08.27,43,1,23,28,41,4,42,0
261,455,2011.08.20,4,19,20,26,30,35,24,1
261,455,2011.08.20,29,23,28,31,11,20,42,0
262,454,2011.08.13,13,25,27,34,38,41,10,1
262,454,2011.08.13,45,44,29,1,2,13,28,0
263,453,2011.08.06,12,24,33,38,40,42,30,1
263,453,2011.08.06,40,18,2,30,6,24,35,0
264,452,2011.07.30,8,10,18,30,32,34,27,1
264,452,2011.07.30,19,22,8,27,1,24,32,0
265,451,2011.07.23,12,15,20,24,30,38,29,1
265,451,2011.07.23,22,37,26,6,38,18,25,0
266,450,2011.07.16,6,14,19,21,23,31,13,1
266,450,2011.07.16,36,5,25,38,2,7,35,0
267,449,2011.07.09,3,10,20,26,35,43,36,1
267,449,2011.07.09,31,18,21,23,12,2,22,0
268,448,2011.07.02,3,7,13,27,40,41,36,1
268,448,2011.07.02,21,12,14,44,16,9,5,0
269,447,2011.06.25,2,7,8,9,17,33,34,1
269,447,2011.06.25,37,24,8,5,17,41,40,0
270,446,2011.06.18,1,11,12,14,26,35,6,1
270,446,2011.06.18,7,40,6,28,38,22,31,0
271,445,2011.06.11,13,20,21,30,39,45,32,1
271,445,2011.06.11,15,31,32,17,27,22,19,0
272,444,2011.06.04,11,13,23,35,43,45,17,1
272,444,2011.06.04,5,20,36,39,6,23,32,0
273,443,2011.05.28,4,6,10,19,20,44,14,1
273,443,2011.05.28,44,29,2,24,10,26,6,0
274,442,2011.05.21,25,27,29,36,38,40,41,1
274,442,2011.05.21,23,2,7,13,12,43,36,0
275,441,2011.05.14,1,23,28,30,34,35,9,1
275,441,2011.05.14,11,29,18,37,24,20,10,0
276,440,2011.05.07,10,22,28,34,36,44,2,1
276,440,2011.05.07,17,24,7,11,3,16,43,0
277,439,2011.04.30,17,20,30,31,37,40,25,1
277,439,2011.04.30,26,42,28,33,21,19,37,0
278,438,2011.04.23,6,12,20,26,29,38,45,1
278,438,2011.04.23,21,3,22,11,6,34,12,0
279,437,2011.04.16,11,16,29,38,41,44,21,1
279,437,2011.04.16,24,13,25,38,8,23,42,0
280,436,2011.04.09,9,14,20,22,33,34,28,1
280,436,2011.04.09,32,21,27,29,40,9,16,0
281,435,2011.04.02,8,16,26,30,38,45,42,1
281,435,2011.04.02,11,24,45,41,25,26,4,0
282,434,2011.03.26,3,13,20,24,33,37,35,1
282,434,2011.03.26,11,25,5,9,43,6,13,0
283,433,2011.03.19,19,23,29,33,35,43,27,1
283,433,2011.03.19,17,24,43,1,5,16,18,0
284,432,2011.03.12,2,3,5,11,27,39,33,1
284,432,2011.03.12,23,5,8,26,37,42,21,0
285,431,2011.03.05,18,22,25,31,38,45,6,1
285,431,2011.03.05,2,3,15,23,45,44,16,0
286,430,2011.02.26,1,3,16,18,30,34,44,1
286,430,2011.02.26,9,15,31,2,20,21,25,0
287,429,2011.02.19,3,23,28,34,39,42,16,1
287,429,2011.02.19,29,5,21,45,16,44,23,0
288,428,2011.02.12,12,16,19,22,37,40,8,1
288,428,2011.02.12,27,21,23,7,15,6,40,0
289,427,2011.02.05,6,7,15,24,28,30,21,1
289,427,2011.02.05,3,42,39,10,18,20,38,0
290,426,2011.01.29,4,17,18,27,39,43,19,1
290,426,2011.01.29,17,30,11,27,6,19,24,0
291,425,2011.01.22,8,10,14,27,33,38,3,1
291,425,2011.01.22,41,45,38,9,28,14,27,0
292,424,2011.01.15,10,11,26,31,34,44,30,1
292,424,2011.01.15,11,36,17,27,45,10,6,0
293,423,2011.01.08,1,17,27,28,29,40,5,1
293,423,2011.01.08,30,5,25,38,21,7,41,0
294,422,2011.01.01,8,15,19,21,34,44,12,1
294,422,2011.01.01,33,3,37,38,43,18,4,0
295,421,2010.12.25,6,11,26,27,28,44,30,1
295,421,2010.12.25,19,9,11,42,25,14,41,0
296,420,2010.12.18,4,9,10,29,31,34,27,1
296,420,2010.12.18,30,29,21,1,27,43,17,0
297,419,2010.12.11,2,11,13,14,28,30,7,1
297,419,2010.12.11,32,45,11,34,33,2,15,0
298,418,2010.12.04,11,13,15,26,28,34,31,1
298,418,2010.12.04,39,27,26,8,16,12,33,0
299,417,2010.11.27,4,5,14,20,22,43,44,1
299,417,2010.11.27,7,6,11,31,43,4,14,0
300,416,2010.11.20,5,6,8,11,22,26,44,1
300,416,2010.11.20,3,2,33,8,32,43,15,0
301,415,2010.11.13,7,17,20,26,30,40,24,1
301,415,2010.11.13,32,27,16,20,38,18,9,0
302,414,2010.11.06,2,14,15,22,23,44,43,1
302,414,2010.11.06,13,9,40,25,32,39,41,0
303,413,2010.10.30,2,9,15,23,34,40,3,1
303,413,2010.10.30,10,29,33,41,3,18,1,0
304,412,2010.10.23,4,7,39,41,42,45,40,1
304,412,2010.10.23,5,11,43,45,28,29,3,0
305,411,2010.10.16,11,14,22,35,37,39,5,1
305,411,2010.10.16,1,17,32,39,14,45,34,0
306,410,2010.10.09,1,3,18,32,40,41,16,1
306,410,2010.10.09,2,8,11,17,13,6,9,0
307,409,2010.10.02,6,9,21,31,32,40,38,1
307,409,2010.10.02,25,27,23,44,38,43,40,0
308,408,2010.09.25,9,20,21,22,30,37,16,1
308,408,2010.09.25,35,26,34,12,44,4,1,0
309,407,2010.09.18,6,7,13,16,24,25,1,1
309,407,2010.09.18,20,42,4,29,36,1,5,0
310,406,2010.09.11,7,12,21,24,27,36,45,1
310,406,2010.09.11,19,42,22,14,39,43,9,0
311,405,2010.09.04,1,2,10,25,26,44,4,1
311,405,2010.09.04,6,39,26,40,37,30,28,0
312,404,2010.08.28,5,20,21,24,33,40,36,1
312,404,2010.08.28,14,24,41,28,18,44,11,0
313,403,2010.08.21,10,14,22,24,28,37,26,1
313,403,2010.08.21,7,14,45,21,4,18,41,0
314,402,2010.08.14,5,9,15,19,22,36,32,1
314,402,2010.08.14,40,24,9,43,37,32,26,0
315,401,2010.08.07,6,12,18,31,38,43,9,1
315,401,2010.08.07,14,36,16,4,32,19,6,0
316,400,2010.07.31,9,21,27,34,41,43,2,1
316,400,2010.07.31,40,4,34,10,2,6,43,0
317,399,2010.07.24,1,2,9,17,19,42,20,1
317,399,2010.07.24,28,22,42,10,16,4,11,0
318,398,2010.07.17,10,15,20,23,42,44,7,1
318,398,2010.07.17,1,16,22,37,25,19,2,0
319,397,2010.07.10,12,13,17,22,25,33,8,1
319,397,2010.07.10,20,1,15,40,11,39,45,0
320,396,2010.07.03,18,20,31,34,40,45,30,1
320,396,2010.07.03,3,2,8,6,13,15,45,0
321,395,2010.06.26,11,15,20,26,31,35,7,1
321,395,2010.06.26,17,32,26,5,39,38,8,0
322,394,2010.06.19,1,13,20,22,25,28,15,1
322,394,2010.06.19,28,29,43,20,4,15,26,0
323,393,2010.06.12,9,16,28,40,41,43,21,1
323,393,2010.06.12,1,44,15,14,5,9,20,0
324,392,2010.06.05,1,3,7,8,24,42,43,1
324,392,2010.06.05,33,12,4,25,15,24,3,0
325,391,2010.05.29,10,11,18,22,28,39,30,1
325,391,2010.05.29,1,22,23,10,34,42,41,0
326,390,2010.05.22,16,17,28,37,39,40,15,1
326,390,2010.05.22,9,15,25,28,26,43,27,0
327,389,2010.05.15,7,16,18,20,23,26,3,1
327,389,2010.05.15,43,42,39,12,25,11,41,0
328,388,2010.05.08,1,8,9,17,29,32,45,1
328,388,2010.05.08,30,15,40,24,12,16,6,0
329,387,2010.05.01,1,26,31,34,40,43,20,1
329,387,2010.05.01,3,44,5,40,41,11,2,0
330,386,2010.04.24,4,7,10,19,31,40,26,1
330,386,2010.04.24,35,10,2,17,36,18,9,0
331,385,2010.04.17,7,12,19,21,29,32,9,1
331,385,2010.04.17,33,38,45,40,12,16,19,0
332,384,2010.04.10,11,22,24,32,36,38,7,1
332,384,2010.04.10,42,5,19,32,22,29,8,0
333,383,2010.04.03,4,15,28,33,37,40,25,1
333,383,2010.04.03,8,34,14,13,3,26,44,0
334,382,2010.03.27,10,15,22,24,27,42,19,1
334,382,2010.03.27,19,45,34,23,32,24,8,0
335,381,2010.03.20,1,5,10,12,16,20,11,1
335,381,2010.03.20,6,37,26,40,13,7,39,0
336,380,2010.03.13,1,2,8,17,26,37,27,1
336,380,2010.03.13,2,14,24,38,1,7,29,0
337,379,2010.03.06,6,10,22,31,35,40,19,1
337,379,2010.03.06,27,36,45,20,38,10,40,0
338,378,2010.02.27,5,22,29,31,34,39,43,1
338,378,2010.02.27,9,33,14,25,35,43,22,0
339,377,2010.02.20,6,22,29,37,43,45,23,1
339,377,2010.02.20,31,22,17,4,13,43,12,0
340,376,2010.02.13,1,11,13,24,28,40,7,1
340,376,2010.02.13,21,44,9,39,23,31,19,0
341,375,2010.02.06,4,8,19,25,27,45,7,1
341,375,2010.02.06,35,34,30,3,32,40,9,0
342,374,2010.01.30,11,13,15,17,25,34,26,1
342,374,2010.01.30,1,37,43,33,35,21,2,0
343,373,2010.01.23,15,26,37,42,43,45,9,1
343,373,2010.01.23,10,29,16,5,21,14,43,0
344,372,2010.01.16,8,11,14,16,18,21,13,1
344,372,2010.01.16,8,13,6,16,29,26,23,0
345,371,2010.01.09,7,9,15,26,27,42,18,1
345,371,2010.01.09,24,18,41,10,2,3,40,0
346,370,2010.01.02,16,18,24,42,44,45,17,1
346,370,2010.01.02,29,23,22,18,27,44,33,0
347,369,2009.12.26,17,20,35,36,41,43,21,1
347,369,2009.12.26,40,26,29,18,8,27,20,0
348,368,2009.12.19,11,21,24,30,39,45,26,1
348,368,2009.12.19,33,24,35,40,44,21,10,0
349,367,2009.12.12,3,22,25,29,32,44,19,1
349,367,2009.12.12,2,4,33,41,11,37,15,0
350,366,2009.12.05,5,12,19,26,27,44,38,1
350,366,2009.12.05,13,9,27,11,6,20,16,0
351,365,2009.11.28,5,15,21,25,26,30,31,1
351,365,2009.11.28,44,30,37,9,34,6,8,0
352,364,2009.11.21,2,5,7,14,16,40,4,1
352,364,2009.11.21,40,31,43,19,5,24,20,0
353,363,2009.11.14,11,12,14,21,32,38,6,1
353,363,2009.11.14,34,32,12,40,45,23,36,0
354,362,2009.11.07,2,3,22,27,30,40,29,1
354,362,2009.11.07,45,25,34,40,20,15,16,0
355,361,2009.10.31,5,10,16,24,27,35,33,1
355,361,2009.10.31,36,7,18,13,28,29,19,0
356,360,2009.10.24,4,16,23,25,35,40,27,1
356,360,2009.10.24,32,4,7,23,11,15,17,0
357,359,2009.10.17,1,10,19,20,24,40,23,1
357,359,2009.10.17,6,42,41,15,4,30,37,0
358,358,2009.10.10,1,9,10,12,21,40,37,1
358,358,2009.10.10,42,39,1,40,18,2,21,0
359,357,2009.10.03,10,14,18,21,36,37,5,1
359,357,2009.10.03,1,25,8,33,43,30,7,0
360,356,2009.09.26,2,8,14,25,29,45,24,1
360,356,2009.09.26,13,17,8,33,14,6,38,0
361,355,2009.09.19,5,8,29,30,35,44,38,1
361,355,2009.09.19,4,2,22,28,41,33,13,0
362,354,2009.09.12,14,19,36,43,44,45,1,1
362,354,2009.09.12,26,10,35,29,14,44,33,0
363,353,2009.09.05,11,16,19,22,29,36,26,1
363,353,2009.09.05,26,29,30,39,28,23,19,0
364,352,2009.08.29,5,16,17,20,26,41,24,1
364,352,2009.08.29,21,19,10,32,17,1,38,0
365,351,2009.08.22,5,25,27,29,34,36,33,1
365,351,2009.08.22,13,25,1,21,44,18,17,0
366,350,2009.08.15,1,8,18,24,29,33,35,1
366,350,2009.08.15,9,33,11,35,42,40,30,0
367,349,2009.08.08,5,13,14,20,24,25,36,1
367,349,2009.08.08,9,25,14,30,24,38,16,0
368,348,2009.08.01,3,14,17,20,24,31,34,1
368,348,2009.08.01,17,26,28,43,10,8,12,0
369,347,2009.07.25,3,8,13,27,32,42,10,1
369,347,2009.07.25,36,4,18,14,41,10,34,0
370,346,2009.07.18,5,13,14,22,44,45,33,1
370,346,2009.07.18,1,33,3,45,35,24,19,0
371,345,2009.07.11,15,20,23,29,39,42,2,1
371,345,2009.07.11,30,17,23,31,41,16,44,0
372,344,2009.07.04,1,2,15,28,34,45,38,1
372,344,2009.07.04,3,16,44,1,29,45,6,0
373,343,2009.06.27,1,10,17,29,31,43,15,1
373,343,2009.06.27,5,9,7,21,22,6,8,0
374,342,2009.06.20,1,13,14,33,34,43,25,1
374,342,2009.06.20,19,28,42,13,20,12,30,0
375,341,2009.06.13,1,8,19,34,39,43,41,1
375,341,2009.06.13,31,38,37,16,44,13,43,0
376,340,2009.06.06,18,24,26,29,34,38,32,1
376,340,2009.06.06,14,18,37,45,30,28,40,0
377,339,2009.05.30,6,8,14,21,30,37,45,1
377,339,2009.05.30,2,6,13,32,41,7,38,0
378,338,2009.05.23,2,13,34,38,42,45,16,1
378,338,2009.05.23,30,34,43,37,22,26,21,0
379,337,2009.05.16,1,5,14,18,32,37,4,1
379,337,2009.05.16,36,17,19,44,31,10,40,0
380,336,2009.05.09,3,5,20,34,35,44,16,1
380,336,2009.05.09,3,41,32,40,9,10,33,0
381,335,2009.05.02,5,9,16,23,26,45,21,1
381,335,2009.05.02,4,3,20,10,44,6,39,0
382,334,2009.04.25,13,15,21,29,39,43,33,1
382,334,2009.04.25,27,22,16,18,36,33,1,0
383,333,2009.04.18,5,14,27,30,39,43,35,1
383,333,2009.04.18,15,14,30,24,44,11,28,0
384,332,2009.04.11,16,17,34,36,42,45,3,1
384,332,2009.04.11,44,13,18,28,11,8,1,0
385,331,2009.04.04,4,9,14,26,31,44,39,1
385,331,2009.04.04,12,39,34,22,42,6,25,0
386,330,2009.03.28,3,4,16,17,19,20,23,1
386,330,2009.03.28,24,12,2,3,4,14,17,0
387,329,2009.03.21,9,17,19,30,35,42,4,1
387,329,2009.03.21,14,28,32,30,7,34,31,0
388,328,2009.03.14,1,6,9,16,17,28,24,1
388,328,2009.03.14,14,28,1,20,15,7,26,0
389,327,2009.03.07,6,12,13,17,32,44,24,1
389,327,2009.03.07,31,43,12,28,7,15,34,0
390,326,2009.02.28,16,23,25,33,36,39,40,1
390,326,2009.02.28,33,12,15,26,25,5,8,0
391,325,2009.02.21,7,17,20,32,44,45,33,1
391,325,2009.02.21,33,35,8,23,28,4,20,0
392,324,2009.02.14,2,4,21,25,33,36,17,1
392,324,2009.02.14,43,28,23,37,29,36,40,0
393,323,2009.02.07,10,14,15,32,36,42,3,1
393,323,2009.02.07,30,41,45,27,5,20,36,0
394,322,2009.01.31,9,18,29,32,38,43,20,1
394,322,2009.01.31,9,22,20,24,19,15,40,0
395,321,2009.01.24,12,18,20,21,25,34,42,1
395,321,2009.01.24,32,11,39,43,12,27,5,0
396,320,2009.01.17,16,19,23,25,41,45,3,1
396,320,2009.01.17,6,40,22,28,44,29,25,0
397,319,2009.01.10,5,8,22,28,33,42,37,1
397,319,2009.01.10,7,12,24,38,39,21,45,0
398,318,2009.01.03,2,17,19,20,34,45,21,1
398,318,2009.01.03,28,8,45,38,44,11,39,0
399,317,2008.12.27,3,10,11,22,36,39,8,1
399,317,2008.12.27,41,29,35,16,9,43,18,0
400,316,2008.12.20,10,11,21,27,31,39,43,1
400,316,2008.12.20,1,43,12,19,26,20,23,0
401,315,2008.12.13,1,13,33,35,43,45,23,1
401,315,2008.12.13,25,44,6,8,17,31,43,0
402,314,2008.12.06,15,17,19,34,38,41,2,1
402,314,2008.12.06,4,21,41,8,12,35,15,0
403,313,2008.11.29,9,17,34,35,43,45,2,1
403,313,2008.11.29,1,13,16,27,15,8,18,0
404,312,2008.11.22,2,3,5,6,12,20,25,1
404,312,2008.11.22,39,13,32,20,19,41,24,0
405,311,2008.11.15,4,12,24,27,28,32,10,1
405,311,2008.11.15,22,45,6,18,17,7,42,0
406,310,2008.11.08,1,5,19,28,34,41,16,1
406,310,2008.11.08,39,43,8,15,42,29,23,0
407,309,2008.11.01,1,2,5,11,18,36,22,1
407,309,2008.11.01,35,28,16,12,24,42,17,0
408,308,2008.10.25,14,15,17,19,37,45,40,1
408,308,2008.10.25,20,42,15,43,12,39,2,0
409,307,2008.10.18,5,15,21,23,25,45,12,1
409,307,2008.10.18,9,42,18,19,27,1,40,0
410,306,2008.10.11,4,18,23,30,34,41,19,1
410,306,2008.10.11,32,43,16,19,7,30,45,0
411,305,2008.10.04,7,8,18,21,23,39,9,1
411,305,2008.10.04,19,29,10,26,3,13,11,0
412,304,2008.09.27,4,10,16,26,33,41,38,1
412,304,2008.09.27,28,8,7,19,24,39,30,0
413,303,2008.09.20,2,14,17,30,38,45,43,1
413,303,2008.09.20,39,16,22,41,19,2,15,0
414,302,2008.09.13,13,19,20,32,38,42,4,1
414,302,2008.09.13,33,19,37,30,26,23,28,0
415,301,2008.09.06,7,11,13,33,37,43,26,1
415,301,2008.09.06,32,35,4,22,31,24,11,0
416,300,2008.08.30,7,9,10,12,26,38,39,1
416,300,2008.08.30,45,35,27,23,16,22,25,0
417,299,2008.08.23,1,3,20,25,36,45,24,1
417,299,2008.08.23,36,19,40,17,3,45,32,0
418,298,2008.08.16,5,9,27,29,37,40,19,1
418,298,2008.08.16,15,21,20,27,7,2,39,0
419,297,2008.08.09,6,11,19,20,28,32,34,1
419,297,2008.08.09,35,3,13,25,32,16,34,0
420,296,2008.08.02,3,8,15,27,30,45,44,1
420,296,2008.08.02,31,10,24,26,25,2,43,0
421,295,2008.07.26,1,4,12,16,18,38,8,1
421,295,2008.07.26,18,9,41,44,3,36,12,0
422,294,2008.07.19,6,10,17,30,37,38,40,1
422,294,2008.07.19,15,12,42,3,38,44,43,0
423,293,2008.07.12,1,9,17,21,29,33,24,1
423,293,2008.07.12,7,3,37,23,44,25,41,0
424,292,2008.07.05,17,18,31,32,33,34,10,1
424,292,2008.07.05,35,26,4,36,20,31,37,0
425,291,2008.06.28,3,7,8,18,20,42,45,1
425,291,2008.06.28,9,18,38,37,10,41,21,0
426,290,2008.06.21,8,13,18,32,39,45,7,1
426,290,2008.06.21,33,44,40,45,1,35,23,0
427,289,2008.06.14,3,14,33,37,38,42,10,1
427,289,2008.06.14,41,1,4,38,45,33,30,0
428,288,2008.06.07,1,12,17,28,35,41,10,1
428,288,2008.06.07,4,34,32,27,9,26,44,0
429,287,2008.05.31,6,12,24,27,35,37,41,1
429,287,2008.05.31,5,38,33,44,9,16,45,0
430,286,2008.05.24,1,15,19,40,42,44,17,1
430,286,2008.05.24,16,10,30,29,19,9,31,0
431,285,2008.05.17,13,33,37,40,41,45,2,1
431,285,2008.05.17,31,40,22,33,29,26,23,0
432,284,2008.05.10,2,7,15,24,30,45,28,1
432,284,2008.05.10,37,16,43,31,24,8,22,0
433,283,2008.05.03,6,8,18,31,38,45,42,1
433,283,2008.05.03,44,24,2,6,38,13,40,0
434,282,2008.04.26,2,5,10,18,31,32,30,1
434,282,2008.04.26,36,3,10,25,35,11,15,0
435,281,2008.04.19,1,3,4,6,14,41,12,1
435,281,2008.04.19,2,24,12,9,32,40,21,0
436,280,2008.04.12,10,11,23,24,36,37,35,1
436,280,2008.04.12,11,21,17,16,32,23,28,0
437,279,2008.04.05,7,16,31,36,37,38,11,1
437,279,2008.04.05,33,44,18,6,14,7,26,0
438,278,2008.03.29,3,11,37,39,41,43,13,1
438,278,2008.03.29,6,21,39,8,10,36,9,0
439,277,2008.03.22,10,12,13,15,25,29,20,1
439,277,2008.03.22,13,24,44,11,25,18,2,0
440,276,2008.03.15,4,15,21,33,39,41,25,1
440,276,2008.03.15,37,10,19,33,24,7,23,0
441,275,2008.03.08,14,19,20,35,38,40,26,1
441,275,2008.03.08,25,17,21,9,37,29,18,0
442,274,2008.03.01,13,14,15,26,35,39,25,1
442,274,2008.03.01,19,38,43,13,45,28,4,0
443,273,2008.02.23,1,8,24,31,34,44,6,1
443,273,2008.02.23,30,40,31,38,16,23,36,0
444,272,2008.02.16,7,9,12,27,39,43,28,1
444,272,2008.02.16,30,28,19,21,5,35,20,0
445,271,2008.02.09,3,8,9,27,29,40,36,1
445,271,2008.02.09,20,11,18,14,28,6,15,0
446,270,2008.02.02,5,9,12,20,21,26,27,1
446,270,2008.02.02,8,35,42,33,43,22,2,0
447,269,2008.01.26,5,18,20,36,42,43,32,1
447,269,2008.01.26,39,29,15,21,11,37,24,0
448,268,2008.01.19,3,10,19,24,32,45,12,1
448,268,2008.01.19,16,42,18,37,39,13,11,0
449,267,2008.01.12,7,8,24,34,36,41,1,1
449,267,2008.01.12,27,37,31,13,21,32,40,0
450,266,2008.01.05,3,4,9,11,22,42,37,1
450,266,2008.01.05,14,17,18,27,44,25,3,0
451,265,2007.12.29,5,9,34,37,38,39,12,1
451,265,2007.12.29,11,39,45,37,43,41,9,0
452,264,2007.12.22,9,16,27,36,41,44,5,1
452,264,2007.12.22,35,15,18,7,28,14,32,0
453,263,2007.12.15,1,27,28,32,37,40,18,1
453,263,2007.12.15,37,9,18,35,21,33,11,0
454,262,2007.12.08,9,12,24,25,29,31,36,1
454,262,2007.12.08,42,35,27,37,21,30,20,0
455,261,2007.12.01,6,11,16,18,31,43,2,1
455,261,2007.12.01,5,26,19,38,27,11,1,0
456,260,2007.11.24,7,12,15,24,37,40,43,1
456,260,2007.11.24,40,5,14,17,22,4,6,0
457,259,2007.11.17,4,5,14,35,42,45,34,1
457,259,2007.11.17,39,28,10,15,44,27,32,0
458,258,2007.11.10,14,27,30,31,38,40,17,1
458,258,2007.11.10,20,5,23,22,9,28,7,0
459,257,2007.11.03,6,13,27,31,32,37,4,1
459,257,2007.11.03,28,27,2,35,45,41,36,0
460,256,2007.10.27,4,11,14,21,23,43,32,1
460,256,2007.10.27,26,11,19,15,18,29,37,0
461,255,2007.10.20,1,5,6,24,27,42,32,1
461,255,2007.10.20,25,44,15,14,2,42,11,0
462,254,2007.10.13,1,5,19,20,24,30,27,1
462,254,2007.10.13,36,44,21,3,2,13,20,0
463,253,2007.10.06,8,19,25,31,34,36,33,1
463,253,2007.10.06,1,29,27,42,40,31,34,0
464,252,2007.09.29,14,23,26,31,39,45,28,1
464,252,2007.09.29,39,9,30,42,7,16,3,0
465,251,2007.09.22,6,7,19,25,28,38,45,1
465,251,2007.09.22,13,7,38,25,30,31,4,0
466,250,2007.09.15,19,23,30,37,43,45,38,1
466,250,2007.09.15,10,7,20,27,11,43,28,0
467,249,2007.09.08,3,8,27,31,41,44,11,1
467,249,2007.09.08,7,5,17,33,37,14,2,0
468,248,2007.09.01,3,8,17,23,38,45,13,1
468,248,2007.09.01,3,43,16,42,10,39,2,0
469,247,2007.08.25,12,15,28,36,39,40,13,1
469,247,2007.08.25,42,23,45,34,3,16,22,0
470,246,2007.08.18,13,18,21,23,26,39,15,1
470,246,2007.08.18,17,8,33,4,21,25,39,0
471,245,2007.08.11,9,11,27,31,32,38,22,1
471,245,2007.08.11,6,10,14,34,20,8,24,0
472,244,2007.08.04,13,16,25,36,37,38,19,1
472,244,2007.08.04,42,33,35,18,32,9,17,0
473,243,2007.07.28,2,12,17,19,28,42,34,1
473,243,2007.07.28,45,17,15,40,21,43,29,0
474,242,2007.07.21,4,19,20,21,32,34,43,1
474,242,2007.07.21,32,13,18,17,27,8,45,0
475,241,2007.07.14,2,16,24,27,28,35,21,1
475,241,2007.07.14,41,5,26,11,9,44,16,0
476,240,2007.07.07,6,10,16,40,41,43,21,1
476,240,2007.07.07,26,7,40,27,12,20,14,0
477,239,2007.06.30,11,15,24,39,41,44,7,1
477,239,2007.06.30,2,24,35,13,31,19,28,0
478,238,2007.06.23,2,4,15,28,31,34,35,1
478,238,2007.06.23,26,41,11,2,5,4,20,0
479,237,2007.06.16,1,11,17,21,24,44,33,1
479,237,2007.06.16,10,16,13,9,29,26,34,0
480,236,2007.06.09,1,4,8,13,37,39,7,1
480,236,2007.06.09,3,4,33,14,22,17,12,0
481,235,2007.06.02,21,22,26,27,31,37,8,1
481,235,2007.06.02,39,26,32,10,22,33,40,0
482,234,2007.05.26,13,21,22,24,26,37,4,1
482,234,2007.05.26,21,12,1,44,4,7,40,0
483,233,2007.05.19,4,6,13,17,28,40,39,1
483,233,2007.05.19,20,33,28,44,23,2,32,0
484,232,2007.05.12,8,9,10,12,24,44,35,1
484,232,2007.05.12,17,5,36,6,37,7,10,0
485,231,2007.05.05,5,10,19,31,44,45,27,1
485,231,2007.05.05,8,26,7,11,34,14,21,0
486,230,2007.04.28,5,11,14,29,32,33,12,1
486,230,2007.04.28,31,4,25,42,13,40,17,0
487,229,2007.04.21,4,5,9,11,23,38,35,1
487,229,2007.04.21,37,7,14,6,36,41,5,0
488,228,2007.04.14,17,25,35,36,39,44,23,1
488,228,2007.04.14,19,22,13,31,3,18,45,0
489,227,2007.04.07,4,5,15,16,22,42,2,1
489,227,2007.04.07,7,37,15,8,18,24,45,0
490,226,2007.03.31,2,6,8,14,21,22,34,1
490,226,2007.03.31,10,24,35,6,36,34,25,0
491,225,2007.03.24,5,11,13,19,31,36,7,1
491,225,2007.03.24,40,17,22,26,37,14,8,0
492,224,2007.03.17,4,19,26,27,30,42,7,1
492,224,2007.03.17,41,35,43,42,23,44,6,0
493,223,2007.03.10,1,3,18,20,26,27,38,1
493,223,2007.03.10,5,37,31,34,39,33,2,0
494,222,2007.03.03,5,7,28,29,39,43,44,1
494,222,2007.03.03,5,19,24,26,41,36,39,0
495,221,2007.02.24,2,20,33,35,37,40,10,1
495,221,2007.02.24,35,16,3,43,11,28,42,0
496,220,2007.02.17,5,11,19,21,34,43,31,1
496,220,2007.02.17,42,38,39,2,32,34,27,0
497,219,2007.02.10,4,11,20,26,35,37,16,1
497,219,2007.02.10,45,27,24,40,15,11,33,0
498,218,2007.02.03,1,8,14,18,29,44,20,1
498,218,2007.02.03,43,18,29,27,14,35,17,0
499,217,2007.01.27,16,20,27,33,35,39,38,1
499,217,2007.01.27,15,41,19,8,6,2,7,0
500,216,2007.01.20,7,16,17,33,36,40,1,1
500,216,2007.01.20,4,30,15,29,1,2,34,0
501,215,2007.01.13,2,3,7,15,43,44,4,1
501,215,2007.01.13,21,11,25,4,27,45,13,0
502,214,2007.01.06,5,7,20,25,28,37,32,1
502,214,2007.01.06,11,12,42,21,18,24,23,0
503,213,2006.12.30,2,3,4,5,20,24,42,1
503,213,2006.12.30,28,39,32,19,12,34,14,0
504,212,2006.12.23,11,12,18,21,31,38,8,1
504,212,2006.12.23,12,26,27,8,42,16,32,0
505,211,2006.12.16,12,13,17,20,33,41,8,1
505,211,2006.12.16,38,23,6,42,45,40,29,0
506,210,2006.12.09,10,19,22,23,25,37,39,1
506,210,2006.12.09,28,45,5,15,6,30,24,0
507,209,2006.12.02,2,7,18,20,24,33,37,1
507,209,2006.12.02,6,19,43,34,3,44,41,0
508,208,2006.11.25,14,25,31,34,40,44,24,1
508,208,2006.11.25,36,39,9,15,8,7,14,0
509,207,2006.11.18,3,11,14,31,32,37,38,1
509,207,2006.11.18,32,29,6,15,20,39,23,0
510,206,2006.11.11,1,2,3,15,20,25,43,1
510,206,2006.11.11,25,26,33,17,14,41,10,0
511,205,2006.11.04,1,3,21,29,35,37,30,1
511,205,2006.11.04,17,42,16,22,33,24,20,0
512,204,2006.10.28,3,12,14,35,40,45,5,1
512,204,2006.10.28,14,26,30,32,27,39,7,0
513,203,2006.10.21,1,3,11,24,30,32,7,1
513,203,2006.10.21,18,3,17,42,9,22,13,0
514,202,2006.10.14,12,14,27,33,39,44,17,1
514,202,2006.10.14,42,22,43,28,16,21,26,0
515,201,2006.10.07,3,11,24,38,39,44,26,1
515,201,2006.10.07,18,9,39,20,21,44,37,0
516,200,2006.09.30,5,6,13,14,17,20,7,1
516,200,2006.09.30,7,2,26,4,30,39,14,0
517,199,2006.09.23,14,21,22,25,30,36,43,1
517,199,2006.09.23,30,32,42,38,17,1,33,0
518,198,2006.09.16,12,19,20,25,41,45,2,1
518,198,2006.09.16,27,11,3,13,4,14,9,0
519,197,2006.09.09,7,12,16,34,42,45,4,1
519,197,2006.09.09,5,35,22,13,25,11,19,0
520,196,2006.09.02,35,36,37,41,44,45,30,1
520,196,2006.09.02,16,29,37,14,15,42,8,0
521,195,2006.08.26,7,10,19,22,35,40,31,1
521,195,2006.08.26,11,43,32,2,17,16,8,0
522,194,2006.08.19,15,20,23,26,39,44,28,1
522,194,2006.08.19,45,29,34,12,18,41,10,0
523,193,2006.08.12,6,14,18,26,36,39,13,1
523,193,2006.08.12,32,23,11,17,34,28,3,0
524,192,2006.08.05,4,8,11,18,37,45,33,1
524,192,2006.08.05,36,35,4,43,10,23,28,0
525,191,2006.07.29,5,6,24,25,32,37,8,1
525,191,2006.07.29,33,18,20,44,37,40,10,0
526,190,2006.07.22,8,14,18,30,31,44,15,1
526,190,2006.07.22,11,41,23,15,21,20,9,0
527,189,2006.07.15,8,14,32,35,37,45,28,1
527,189,2006.07.15,31,40,35,41,9,32,42,0
528,188,2006.07.08,19,24,27,30,31,34,36,1
528,188,2006.07.08,19,22,13,12,42,14,35,0
529,187,2006.07.01,1,2,8,18,29,38,42,1
529,187,2006.07.01,32,27,6,38,44,31,29,0
530,186,2006.06.24,4,10,14,19,21,45,9,1
530,186,2006.06.24,14,8,30,28,20,23,15,0
531,185,2006.06.17,1,2,4,8,19,38,14,1
531,185,2006.06.17,8,20,34,33,31,2,13,0
532,184,2006.06.10,1,2,6,16,20,33,41,1
532,184,2006.06.10,1,7,44,21,15,33,22,0
533,183,2006.06.03,2,18,24,34,40,42,5,1
533,183,2006.06.03,42,11,9,36,6,16,33,0
534,182,2006.05.27,13,15,27,29,34,40,35,1
534,182,2006.05.27,3,19,32,22,2,36,27,0
535,181,2006.05.20,14,21,23,32,40,45,44,1
535,181,2006.05.20,34,16,31,42,32,26,8,0
536,180,2006.05.13,2,15,20,21,29,34,22,1
536,180,2006.05.13,22,15,19,44,23,18,24,0
537,179,2006.05.06,5,9,17,25,39,43,32,1
537,179,2006.05.06,21,23,42,15,29,10,37,0
538,178,2006.04.29,1,5,11,12,18,23,9,1
538,178,2006.04.29,26,24,10,40,1,11,33,0
539,177,2006.04.22,1,10,13,16,37,43,6,1
539,177,2006.04.22,42,40,15,35,39,5,19,0
540,176,2006.04.15,4,17,30,32,33,34,15,1
540,176,2006.04.15,35,38,28,17,24,39,12,0
541,175,2006.04.08,19,26,28,31,33,36,17,1
541,175,2006.04.08,14,10,28,9,2,44,15,0
542,174,2006.04.01,13,14,18,22,35,39,16,1
542,174,2006.04.01,39,34,42,18,33,27,3,0
543,173,2006.03.25,3,9,24,30,33,34,18,1
543,173,2006.03.25,32,2,4,9,22,8,18,0
544,172,2006.03.18,4,19,21,24,26,41,35,1
544,172,2006.03.18,15,25,37,4,41,31,5,0
545,171,2006.03.11,4,16,25,29,34,35,1,1
545,171,2006.03.11,1,8,23,11,9,25,39,0
546,170,2006.03.04,2,11,13,15,31,42,10,1
546,170,2006.03.04,15,13,8,12,32,25,2,0
547,169,2006.02.25,16,27,35,37,43,45,19,1
547,169,2006.02.25,34,4,32,41,27,29,42,0
548,168,2006.02.18,3,10,31,40,42,43,30,1
548,168,2006.02.18,28,4,19,32,1,44,3,0
549,167,2006.02.11,24,27,28,30,36,39,4,1
549,167,2006.02.11,43,16,41,9,35,45,20,0
550,166,2006.02.04,9,12,27,36,39,45,14,1
550,166,2006.02.04,31,30,10,33,1,11,34,0
551,165,2006.01.28,5,13,18,19,22,42,31,1
551,165,2006.01.28,42,12,17,35,16,2,31,0
552,164,2006.01.21,6,9,10,11,39,41,27,1
552,164,2006.01.21,22,28,20,31,1,2,6,0
553,163,2006.01.14,7,11,26,28,29,44,16,1
553,163,2006.01.14,9,19,34,13,1,25,42,0
554,162,2006.01.07,1,5,21,25,38,41,24,1
554,162,2006.01.07,16,18,2,14,5,43,25,0
555,161,2005.12.31,22,34,36,40,42,45,44,1
555,161,2005.12.31,37,9,14,4,34,28,33,0
556,160,2005.12.24,3,7,8,34,39,41,1,1
556,160,2005.12.24,23,12,13,43,11,33,19,0
557,159,2005.12.17,1,18,30,41,42,43,32,1
557,159,2005.12.17,37,38,30,9,45,21,35,0
558,158,2005.12.10,4,9,13,18,21,34,7,1
558,158,2005.12.10,31,21,26,41,17,19,12,0
559,157,2005.12.03,19,26,30,33,35,39,37,1
559,157,2005.12.03,15,3,31,21,19,9,10,0
560,156,2005.11.26,5,18,28,30,42,45,2,1
560,156,2005.11.26,43,41,42,7,12,45,3,0
561,155,2005.11.19,16,19,20,32,33,41,4,1
561,155,2005.11.19,14,26,5,15,32,8,9,0
562,154,2005.11.12,6,19,21,35,40,45,20,1
562,154,2005.11.12,10,27,5,38,37,22,4,0
563,153,2005.11.05,3,8,11,12,13,36,33,1
563,153,2005.11.05,19,34,39,45,44,10,31,0
564,152,2005.10.29,1,5,13,26,29,34,43,1
564,152,2005.10.29,10,42,27,18,13,11,8,0
565,151,2005.10.22,1,2,10,13,18,19,15,1
565,151,2005.10.22,16,9,8,10,13,20,7,0
566,150,2005.10.15,2,18,25,28,37,39,16,1
566,150,2005.10.15,24,41,23,27,9,20,31,0
567,149,2005.10.08,2,11,21,34,41,42,27,1
567,149,2005.10.08,2,27,26,34,39,42,17,0
568,148,2005.10.01,21,25,33,34,35,36,17,1
568,148,2005.10.01,23,32,20,31,2,22,28,0
569,147,2005.09.24,4,6,13,21,40,42,36,1
569,147,2005.09.24,10,19,40,26,30,27,24,0
570,146,2005.09.17,2,19,27,35,41,42,25,1
570,146,2005.09.17,23,18,2,15,14,19,3,0
571,145,2005.09.10,2,3,13,20,27,44,9,1
571,145,2005.09.10,3,28,41,32,18,14,35,0
572,144,2005.09.03,4,15,17,26,36,37,43,1
572,144,2005.09.03,17,2,7,31,21,18,13,0
573,143,2005.08.27,26,27,28,42,43,45,8,1
573,143,2005.08.27,14,33,28,1,37,15,3,0
574,142,2005.08.20,12,16,30,34,40,44,19,1
574,142,2005.08.20,5,42,32,29,30,4,10,0
575,141,2005.08.13,8,12,29,31,42,43,2,1
575,141,2005.08.13,25,45,12,40,29,7,30,0
576,140,2005.08.06,3,13,17,18,19,28,8,1
576,140,2005.08.06,32,44,11,45,31,3,19,0
577,139,2005.07.30,9,11,15,20,28,43,13,1
577,139,2005.07.30,11,35,19,3,8,39,43,0
578,138,2005.07.23,10,11,27,28,37,39,19,1
578,138,2005.07.23,21,7,10,1,14,32,12,0
579,137,2005.07.16,7,9,20,25,36,39,15,1
579,137,2005.07.16,3,44,35,29,1,18,13,0
580,136,2005.07.09,2,16,30,36,41,42,11,1
580,136,2005.07.09,8,15,18,31,36,19,37,0
581,135,2005.07.02,6,14,22,28,35,39,16,1
581,135,2005.07.02,42,38,5,16,41,3,17,0
582,134,2005.06.25,3,12,20,23,31,35,43,1
582,134,2005.06.25,11,10,38,4,17,23,25,0
583,133,2005.06.18,4,7,15,18,23,26,13,1
583,133,2005.06.18,14,2,17,8,1,10,43,0
584,132,2005.06.11,3,17,23,34,41,45,43,1
584,132,2005.06.11,36,18,34,2,33,1,27,0
585,131,2005.06.04,8,10,11,14,15,21,37,1
585,131,2005.06.04,31,7,18,23,13,45,35,0
586,130,2005.05.28,7,19,24,27,42,45,31,1
586,130,2005.05.28,27,4,13,26,6,8,29,0
587,129,2005.05.21,19,23,25,28,38,42,17,1
587,129,2005.05.21,33,36,18,11,17,38,6,0
588,128,2005.05.14,12,30,34,36,37,45,39,1
588,128,2005.05.14,34,19,1,17,13,16,44,0
589,127,2005.05.07,3,5,10,29,32,43,35,1
589,127,2005.05.07,28,5,27,22,12,8,43,0
590,126,2005.04.30,7,20,22,27,40,43,1,1
590,126,2005.04.30,7,24,23,11,43,26,25,0
591,125,2005.04.23,2,8,32,33,35,36,18,1
591,125,2005.04.23,36,44,24,14,23,16,17,0
592,124,2005.04.16,4,16,23,25,29,42,1,1
592,124,2005.04.16,36,20,34,5,1,2,3,0
593,123,2005.04.09,7,17,18,28,30,45,27,1
593,123,2005.04.09,44,2,20,39,24,36,18,0
594,122,2005.04.02,1,11,16,17,36,40,8,1
594,122,2005.04.02,43,23,37,20,38,14,26,0
595,121,2005.03.26,12,28,30,34,38,43,9,1
595,121,2005.03.26,6,31,7,24,19,23,34,0
596,120,2005.03.19,4,6,10,11,32,37,30,1
596,120,2005.03.19,23,7,16,3,40,35,6,0
597,119,2005.03.12,3,11,13,14,17,21,38,1
597,119,2005.03.12,10,43,8,15,40,2,32,0
598,118,2005.03.05,3,4,10,17,19,22,38,1
598,118,2005.03.05,26,17,37,7,33,45,36,0
599,117,2005.02.26,5,10,22,34,36,44,35,1
599,117,2005.02.26,19,16,33,15,28,6,18,0
600,116,2005.02.19,2,4,25,31,34,37,17,1
600,116,2005.02.19,38,39,42,21,10,32,22,0
601,115,2005.02.12,1,2,6,9,25,28,31,1
601,115,2005.02.12,12,26,35,41,10,15,4,0
602,114,2005.02.05,11,14,19,26,28,41,2,1
602,114,2005.02.05,23,24,29,32,3,6,42,0
603,113,2005.01.29,4,9,28,33,36,45,26,1
603,113,2005.01.29,2,33,15,7,1,4,20,0
604,112,2005.01.22,26,29,30,33,41,42,43,1
604,112,2005.01.22,24,44,25,15,28,45,20,0
605,111,2005.01.15,7,18,31,33,36,40,27,1
605,111,2005.01.15,27,40,25,29,5,39,8,0
606,110,2005.01.08,7,20,22,23,29,43,1,1
606,110,2005.01.08,19,38,13,8,39,45,7,0
607,109,2005.01.01,1,5,34,36,42,44,33,1
607,109,2005.01.01,7,20,38,39,25,19,4,0
608,108,2004.12.25,7,18,22,23,29,44,12,1
608,108,2004.12.25,1,31,45,5,39,2,18,0
609,107,2004.12.18,1,4,5,6,9,31,17,1
609,107,2004.12.18,28,33,30,3,43,4,19,0
610,106,2004.12.11,4,10,12,22,24,33,29,1
610,106,2004.12.11,45,8,31,23,38,15,18,0
611,105,2004.12.04,8,10,20,34,41,45,28,1
611,105,2004.12.04,11,40,23,24,10,45,25,0
612,104,2004.11.27,17,32,33,34,42,44,35,1
612,104,2004.11.27,36,37,7,17,25,4,20,0
613,103,2004.11.20,5,14,15,27,30,45,10,1
613,103,2004.11.20,19,28,27,13,4,43,14,0
614,102,2004.11.13,17,22,24,26,35,40,42,1
614,102,2004.11.13,38,23,30,6,26,1,3,0
615,101,2004.11.06,1,3,17,32,35,45,8,1
615,101,2004.11.06,12,44,9,5,8,17,21,0
616,100,2004.10.30,1,7,11,23,37,42,6,1
616,100,2004.10.30,17,20,6,39,33,23,13,0
617,99,2004.10.23,1,3,10,27,29,37,11,1
617,99,2004.10.23,20,1,33,4,19,27,5,0
618,98,2004.10.16,6,9,16,23,24,32,43,1
618,98,2004.10.16,5,2,27,35,16,31,44,0
619,97,2004.10.09,6,7,14,15,20,36,3,1
619,97,2004.10.09,22,33,6,3,20,14,37,0
620,96,2004.10.02,1,3,8,21,22,31,20,1
620,96,2004.10.02,5,38,33,25,7,28,16,0
621,95,2004.09.25,8,17,27,31,34,43,14,1
621,95,2004.09.25,18,8,21,42,2,1,32,0
622,94,2004.09.18,5,32,34,40,41,45,6,1
622,94,2004.09.18,24,18,6,23,12,44,45,0
623,93,2004.09.11,6,22,24,36,38,44,19,1
623,93,2004.09.11,9,34,28,26,16,2,22,0
624,92,2004.09.04,3,14,24,33,35,36,17,1
624,92,2004.09.04,15,41,1,17,25,5,7,0
625,91,2004.08.28,1,21,24,26,29,42,27,1
625,91,2004.08.28,17,34,14,10,36,30,28,0
626,90,2004.08.21,17,20,29,35,38,44,10,1
626,90,2004.08.21,24,28,45,42,2,37,14,0
627,89,2004.08.14,4,26,28,29,33,40,37,1
627,89,2004.08.14,45,4,27,40,6,25,33,0
628,88,2004.08.07,1,17,20,24,30,41,27,1
628,88,2004.08.07,17,28,12,23,33,38,3,0
629,87,2004.07.31,4,12,16,23,34,43,26,1
629,87,2004.07.31,43,14,37,28,22,36,2,0
630,86,2004.07.24,2,12,37,39,41,45,33,1
630,86,2004.07.24,13,15,6,41,19,28,42,0
631,85,2004.07.17,6,8,13,23,31,36,21,1
631,85,2004.07.17,20,18,36,28,45,41,21,0
632,84,2004.07.10,16,23,27,34,42,45,11,1
632,84,2004.07.10,33,6,32,25,18,1,13,0
633,83,2004.07.03,6,10,15,17,19,34,14,1
633,83,2004.07.03,44,30,41,33,4,35,10,0
634,82,2004.06.26,1,2,3,14,27,42,39,1
634,82,2004.06.26,23,34,22,3,33,24,45,0
635,81,2004.06.19,5,7,11,13,20,33,6,1
635,81,2004.06.19,20,9,30,44,3,6,38,0
636,80,2004.06.12,17,18,24,25,26,30,1,1
636,80,2004.06.12,35,21,2,26,16,30,10,0
637,79,2004.06.05,3,12,24,27,30,32,14,1
637,79,2004.06.05,32,17,39,27,34,5,24,0
638,78,2004.05.29,10,13,25,29,33,35,38,1
638,78,2004.05.29,39,6,32,10,42,5,19,0
639,77,2004.05.22,2,18,29,32,43,44,37,1
639,77,2004.05.22,23,6,5,36,33,1,14,0
640,76,2004.05.15,1,3,15,22,25,37,43,1
640,76,2004.05.15,8,44,2,39,24,26,27,0
641,75,2004.05.08,2,5,24,32,34,44,28,1
641,75,2004.05.08,28,30,11,12,15,10,23,0
642,74,2004.05.01,6,15,17,18,35,40,23,1
642,74,2004.05.01,22,41,17,40,39,32,3,0
643,73,2004.04.24,3,12,18,32,40,43,38,1
643,73,2004.04.24,12,8,15,20,21,5,16,0
644,72,2004.04.17,2,4,11,17,26,27,1,1
644,72,2004.04.17,13,41,44,42,14,26,37,0
645,71,2004.04.10,5,9,12,16,29,41,21,1
645,71,2004.04.10,42,26,40,10,6,13,41,0
646,70,2004.04.03,5,19,22,25,28,43,26,1
646,70,2004.04.03,5,4,22,7,10,27,13,0
647,69,2004.03.27,5,8,14,15,19,39,35,1
647,69,2004.03.27,13,16,21,39,40,2,11,0
648,68,2004.03.20,10,12,15,16,26,39,38,1
648,68,2004.03.20,11,22,7,12,13,32,9,0
649,67,2004.03.13,3,7,10,15,36,38,33,1
649,67,2004.03.13,6,42,39,27,22,36,20,0
650,66,2004.03.06,2,3,7,17,22,24,45,1
650,66,2004.03.06,26,12,31,6,32,16,18,0
651,65,2004.02.28,4,25,33,36,40,43,39,1
651,65,2004.02.28,25,10,30,31,44,15,42,0
652,64,2004.02.21,14,15,18,21,26,36,39,1
652,64,2004.02.21,44,2,10,42,11,41,40,0
653,63,2004.02.14,3,20,23,36,38,40,5,1
653,63,2004.02.14,42,9,26,4,1,31,14,0
654,62,2004.02.07,3,8,15,27,29,35,21,1
654,62,2004.02.07,18,24,27,45,6,30,42,0
655,61,2004.01.31,14,15,19,30,38,43,8,1
655,61,2004.01.31,17,40,31,27,25,15,32,0
656,60,2004.01.24,2,8,25,36,39,42,11,1
656,60,2004.01.24,21,37,14,45,43,15,19,0
657,59,2004.01.17,6,29,36,39,41,45,13,1
657,59,2004.01.17,14,15,3,12,20,2,11,0
658,58,2004.01.10,10,24,25,33,40,44,1,1
658,58,2004.01.10,27,1,22,6,25,23,38,0
659,57,2004.01.03,7,10,16,25,29,44,6,1
659,57,2004.01.03,40,29,15,45,22,34,2,0
660,56,2003.12.27,10,14,30,31,33,37,19,1
660,56,2003.12.27,39,29,37,5,13,31,27,0
661,55,2003.12.20,17,21,31,37,40,44,7,1
661,55,2003.12.20,40,26,32,29,11,23,3,0
662,54,2003.12.13,1,8,21,27,36,39,37,1
662,54,2003.12.13,33,28,26,34,25,1,29,0
663,53,2003.12.06,7,8,14,32,33,39,42,1
663,53,2003.12.06,14,8,33,21,36,7,1,0
664,52,2003.11.29,2,4,15,16,20,29,1,1
664,52,2003.11.29,24,37,9,12,36,41,38,0
665,51,2003.11.22,2,3,11,16,26,44,35,1
665,51,2003.11.22,4,42,21,23,7,24,9,0
666,50,2003.11.15,2,10,12,15,22,44,1,1
666,50,2003.11.15,10,14,4,15,27,7,3,0
667,49,2003.11.08,4,7,16,19,33,40,30,1
667,49,2003.11.08,38,10,17,6,43,26,30,0
668,48,2003.11.01,6,10,18,26,37,38,3,1
668,48,2003.11.01,27,29,44,4,1,10,42,0
669,47,2003.10.25,14,17,26,31,36,45,27,1
669,47,2003.10.25,8,42,31,13,41,7,23,0
670,46,2003.10.18,8,13,15,23,31,38,39,1
670,46,2003.10.18,6,38,33,16,5,29,18,0
671,45,2003.10.11,1,10,20,27,33,35,17,1
671,45,2003.10.11,15,16,20,27,9,17,43,0
672,44,2003.10.04,3,11,21,30,38,45,39,1
672,44,2003.10.04,10,5,28,38,33,29,7,0
673,43,2003.09.27,6,31,35,38,39,44,1,1
673,43,2003.09.27,37,11,23,9,35,18,20,0
674,42,2003.09.20,17,18,19,21,23,32,1,1
674,42,2003.09.20,31,17,15,11,36,32,10,0
675,41,2003.09.13,13,20,23,35,38,43,34,1
675,41,2003.09.13,22,13,12,21,2,11,8,0
676,40,2003.09.06,7,13,18,19,25,26,6,1
676,40,2003.09.06,19,22,13,11,6,43,35,0
677,39,2003.08.30,6,7,13,15,21,43,8,1
677,39,2003.08.30,44,3,31,18,14,21,42,0
678,38,2003.08.23,16,17,22,30,37,43,36,1
678,38,2003.08.23,35,2,9,43,15,13,31,0
679,37,2003.08.16,7,27,30,33,35,37,42,1
679,37,2003.08.16,32,20,25,36,3,18,4,0
680,36,2003.08.09,1,10,23,26,28,40,31,1
680,36,2003.08.09,10,12,40,33,13,23,38,0
681,35,2003.08.02,2,3,11,26,37,43,39,1
681,35,2003.08.02,27,13,44,20,15,23,24,0
682,34,2003.07.26,9,26,35,37,40,42,2,1
682,34,2003.07.26,4,25,7,26,11,36,2,0
683,33,2003.07.19,4,7,32,33,40,41,9,1
683,33,2003.07.19,18,29,44,14,34,26,25,0
684,32,2003.07.12,6,14,19,25,34,44,11,1
684,32,2003.07.12,9,3,22,45,38,28,16,0
685,31,2003.07.05,7,9,18,23,28,35,32,1
685,31,2003.07.05,13,43,45,12,18,11,16,0
686,30,2003.06.28,8,17,20,35,36,44,4,1
686,30,2003.06.28,42,31,27,7,18,34,22,0
687,29,2003.06.21,1,5,13,34,39,40,11,1
687,29,2003.06.21,27,6,22,2,38,41,12,0
688,28,2003.06.14,9,18,23,25,35,37,1,1
688,28,2003.06.14,44,34,27,5,13,12,43,0
689,27,2003.06.07,1,20,26,28,37,43,27,1
689,27,2003.06.07,21,33,40,23,30,25,10,0
690,26,2003.05.31,4,5,7,18,20,25,31,1
690,26,2003.05.31,42,25,33,34,27,31,8,0
691,25,2003.05.24,2,4,21,26,43,44,16,1
691,25,2003.05.24,4,19,29,12,27,36,33,0
692,24,2003.05.17,7,8,27,29,36,43,6,1
692,24,2003.05.17,13,43,39,5,16,40,4,0
693,23,2003.05.10,5,13,17,18,33,42,44,1
693,23,2003.05.10,22,3,33,15,26,39,2,0
694,22,2003.05.03,4,5,6,8,17,39,25,1
694,22,2003.05.03,7,18,1,3,37,40,13,0
695,21,2003.04.26,6,12,17,18,31,32,21,1
695,21,2003.04.26,33,23,21,25,7,5,30,0
696,20,2003.04.19,10,14,18,20,23,30,41,1
696,20,2003.04.19,15,25,23,1,19,2,13,0
697,19,2003.04.12,6,30,38,39,40,43,26,1
697,19,2003.04.12,26,29,3,35,33,12,9,0
698,18,2003.04.05,3,12,13,19,32,35,29,1
698,18,2003.04.05,20,22,29,34,4,3,6,0
699,17,2003.03.29,3,4,9,17,32,37,1,1
699,17,2003.03.29,8,37,36,6,29,28,10,0
700,16,2003.03.22,6,7,24,37,38,40,33,1
700,16,2003.03.22,30,9,33,24,20,26,36,0
701,15,2003.03.15,3,4,16,30,31,37,13,1
701,15,2003.03.15,15,43,36,17,26,11,42,0
702,14,2003.03.08,2,6,12,31,33,40,15,1
702,14,2003.03.08,7,17,18,45,27,31,38,0
703,13,2003.03.01,22,23,25,37,38,42,26,1
703,13,2003.03.01,31,1,41,25,30,38,24,0
704,12,2003.02.22,2,11,21,25,39,45,44,1
704,12,2003.02.22,40,2,34,31,17,41,36,0
705,11,2003.02.15,1,7,36,37,41,42,14,1
705,11,2003.02.15,13,8,4,45,12,40,44,0
706,10,2003.02.08,9,25,30,33,41,44,6,1
706,10,2003.02.08,19,41,37,4,34,30,16,0
707,9,2003.02.01,2,4,16,17,36,39,14,1
707,9,2003.02.01,3,39,1,28,30,16,14,0
708,8,2003.01.25,8,19,25,34,37,39,9,1
708,8,2003.01.25,21,40,24,35,36,30,6,0
709,7,2003.01.18,2,9,16,25,26,40,42,1
709,7,2003.01.18,35,14,15,1,34,20,12,0
710,6,2003.01.11,14,15,26,27,40,42,34,1
710,6,2003.01.11,8,11,33,2,7,36,40,0
711,5,2003.01.04,16,24,29,40,41,42,3,1
711,5,2003.01.04,22,19,34,32,27,45,9,0
712,4,2002.12.28,14,27,30,31,40,42,2,1
712,4,2002.12.28,34,2,1,26,39,19,23,0
713,3,2002.12.21,11,16,19,21,27,31,30,1
713,3,2002.12.21,13,19,40,30,11,29,12,0
714,2,2002.12.14,9,13,21,25,32,42,2,1
714,2,2002.12.14,6,27,43,33,41,38,23,0
715,1,2002.12.07,10,23,29,33,37,40,16,1
715,1,2002.12.07,22,10,42,20,6,2,34,0
